<?xml version="1.0"?>
<Interface Version="1" Minor="1">
	<Ifc Id="ROOT" Top="1">
		<Bus Id="Addr">
			<Port Id="5" Dir="OUT"/>
			<Port Id="4" Dir="OUT"/>
			<Port Id="3" Dir="OUT"/>
			<Port Id="2" Dir="OUT"/>
			<Port Id="1" Dir="OUT"/>
			<Port Id="0" Dir="OUT"/>
		</Bus>
		<Bus Id="cur">
			<Port Id="2" Dir="OUT"/>
			<Port Id="1" Dir="OUT"/>
			<Port Id="0" Dir="OUT"/>
		</Bus>
		<Bus Id="move">
			<Port Id="1" Dir="OUT"/>
			<Port Id="0" Dir="OUT"/>
		</Bus>
		<Bus Id="nextQ">
			<Port Id="2" Dir="OUT"/>
			<Port Id="1" Dir="OUT"/>
			<Port Id="0" Dir="OUT"/>
		</Bus>
		<Bus Id="read">
			<Port Id="1" Dir="OUT"/>
			<Port Id="0" Dir="OUT"/>
		</Bus>
		<Bus Id="s">
			<Port Id="12" Dir="OUT"/>
			<Port Id="11" Dir="OUT"/>
			<Port Id="10" Dir="OUT"/>
			<Port Id="9" Dir="OUT"/>
			<Port Id="8" Dir="OUT"/>
			<Port Id="7" Dir="OUT"/>
			<Port Id="6" Dir="OUT"/>
			<Port Id="5" Dir="OUT"/>
			<Port Id="4" Dir="OUT"/>
			<Port Id="3" Dir="OUT"/>
			<Port Id="2" Dir="OUT"/>
			<Port Id="1" Dir="OUT"/>
			<Port Id="0" Dir="OUT"/>
		</Bus>
		<Bus Id="tape">
			<Port Id="127" Dir="OUT"/>
			<Port Id="126" Dir="OUT"/>
			<Port Id="125" Dir="OUT"/>
			<Port Id="124" Dir="OUT"/>
			<Port Id="123" Dir="OUT"/>
			<Port Id="122" Dir="OUT"/>
			<Port Id="121" Dir="OUT"/>
			<Port Id="120" Dir="OUT"/>
			<Port Id="119" Dir="OUT"/>
			<Port Id="118" Dir="OUT"/>
			<Port Id="117" Dir="OUT"/>
			<Port Id="116" Dir="OUT"/>
			<Port Id="115" Dir="OUT"/>
			<Port Id="114" Dir="OUT"/>
			<Port Id="113" Dir="OUT"/>
			<Port Id="112" Dir="OUT"/>
			<Port Id="111" Dir="OUT"/>
			<Port Id="110" Dir="OUT"/>
			<Port Id="109" Dir="OUT"/>
			<Port Id="108" Dir="OUT"/>
			<Port Id="107" Dir="OUT"/>
			<Port Id="106" Dir="OUT"/>
			<Port Id="105" Dir="OUT"/>
			<Port Id="104" Dir="OUT"/>
			<Port Id="103" Dir="OUT"/>
			<Port Id="102" Dir="OUT"/>
			<Port Id="101" Dir="OUT"/>
			<Port Id="100" Dir="OUT"/>
			<Port Id="99" Dir="OUT"/>
			<Port Id="98" Dir="OUT"/>
			<Port Id="97" Dir="OUT"/>
			<Port Id="96" Dir="OUT"/>
			<Port Id="95" Dir="OUT"/>
			<Port Id="94" Dir="OUT"/>
			<Port Id="93" Dir="OUT"/>
			<Port Id="92" Dir="OUT"/>
			<Port Id="91" Dir="OUT"/>
			<Port Id="90" Dir="OUT"/>
			<Port Id="89" Dir="OUT"/>
			<Port Id="88" Dir="OUT"/>
			<Port Id="87" Dir="OUT"/>
			<Port Id="86" Dir="OUT"/>
			<Port Id="85" Dir="OUT"/>
			<Port Id="84" Dir="OUT"/>
			<Port Id="83" Dir="OUT"/>
			<Port Id="82" Dir="OUT"/>
			<Port Id="81" Dir="OUT"/>
			<Port Id="80" Dir="OUT"/>
			<Port Id="79" Dir="OUT"/>
			<Port Id="78" Dir="OUT"/>
			<Port Id="77" Dir="OUT"/>
			<Port Id="76" Dir="OUT"/>
			<Port Id="75" Dir="OUT"/>
			<Port Id="74" Dir="OUT"/>
			<Port Id="73" Dir="OUT"/>
			<Port Id="72" Dir="OUT"/>
			<Port Id="71" Dir="OUT"/>
			<Port Id="70" Dir="OUT"/>
			<Port Id="69" Dir="OUT"/>
			<Port Id="68" Dir="OUT"/>
			<Port Id="67" Dir="OUT"/>
			<Port Id="66" Dir="OUT"/>
			<Port Id="65" Dir="OUT"/>
			<Port Id="64" Dir="OUT"/>
			<Port Id="63" Dir="OUT"/>
			<Port Id="62" Dir="OUT"/>
			<Port Id="61" Dir="OUT"/>
			<Port Id="60" Dir="OUT"/>
			<Port Id="59" Dir="OUT"/>
			<Port Id="58" Dir="OUT"/>
			<Port Id="57" Dir="OUT"/>
			<Port Id="56" Dir="OUT"/>
			<Port Id="55" Dir="OUT"/>
			<Port Id="54" Dir="OUT"/>
			<Port Id="53" Dir="OUT"/>
			<Port Id="52" Dir="OUT"/>
			<Port Id="51" Dir="OUT"/>
			<Port Id="50" Dir="OUT"/>
			<Port Id="49" Dir="OUT"/>
			<Port Id="48" Dir="OUT"/>
			<Port Id="47" Dir="OUT"/>
			<Port Id="46" Dir="OUT"/>
			<Port Id="45" Dir="OUT"/>
			<Port Id="44" Dir="OUT"/>
			<Port Id="43" Dir="OUT"/>
			<Port Id="42" Dir="OUT"/>
			<Port Id="41" Dir="OUT"/>
			<Port Id="40" Dir="OUT"/>
			<Port Id="39" Dir="OUT"/>
			<Port Id="38" Dir="OUT"/>
			<Port Id="37" Dir="OUT"/>
			<Port Id="36" Dir="OUT"/>
			<Port Id="35" Dir="OUT"/>
			<Port Id="34" Dir="OUT"/>
			<Port Id="33" Dir="OUT"/>
			<Port Id="32" Dir="OUT"/>
			<Port Id="31" Dir="OUT"/>
			<Port Id="30" Dir="OUT"/>
			<Port Id="29" Dir="OUT"/>
			<Port Id="28" Dir="OUT"/>
			<Port Id="27" Dir="OUT"/>
			<Port Id="26" Dir="OUT"/>
			<Port Id="25" Dir="OUT"/>
			<Port Id="24" Dir="OUT"/>
			<Port Id="23" Dir="OUT"/>
			<Port Id="22" Dir="OUT"/>
			<Port Id="21" Dir="OUT"/>
			<Port Id="20" Dir="OUT"/>
			<Port Id="19" Dir="OUT"/>
			<Port Id="18" Dir="OUT"/>
			<Port Id="17" Dir="OUT"/>
			<Port Id="16" Dir="OUT"/>
			<Port Id="15" Dir="OUT"/>
			<Port Id="14" Dir="OUT"/>
			<Port Id="13" Dir="OUT"/>
			<Port Id="12" Dir="OUT"/>
			<Port Id="11" Dir="OUT"/>
			<Port Id="10" Dir="OUT"/>
			<Port Id="9" Dir="OUT"/>
			<Port Id="8" Dir="OUT"/>
			<Port Id="7" Dir="OUT"/>
			<Port Id="6" Dir="OUT"/>
			<Port Id="5" Dir="OUT"/>
			<Port Id="4" Dir="OUT"/>
			<Port Id="3" Dir="OUT"/>
			<Port Id="2" Dir="OUT"/>
			<Port Id="1" Dir="OUT"/>
			<Port Id="0" Dir="OUT"/>
		</Bus>
		<Bus Id="writeS">
			<Port Id="1" Dir="OUT"/>
			<Port Id="0" Dir="OUT"/>
		</Bus>
		<Port Id="clk" Dir="IN"/>
		<Port Id="rst" Dir="IN"/>
		<Port Id="quit" Dir="IN"/>
		<Port Id="resume" Dir="IN"/>
		<Port Id="rerun" Dir="IN"/>
		<Port Id="key0" Dir="IN"/>
		<Port Id="key1" Dir="IN"/>
		<Port Id="key2" Dir="IN"/>
		<Port Id="key3" Dir="IN"/>
		<Port Id="key4" Dir="IN"/>
		<Port Id="key5" Dir="IN"/>
		<Port Id="key6" Dir="IN"/>
		<Port Id="keyHash" Dir="IN"/>
		<Port Id="stable" Dir="OUT"/>
		<Port Id="com1" Dir="OUT"/>
		<Port Id="com2" Dir="OUT"/>
		<Port Id="com3" Dir="OUT"/>
		<Port Id="com4" Dir="OUT"/>
		<Port Id="com5" Dir="OUT"/>
		<Port Id="com6" Dir="OUT"/>
		<Port Id="com7" Dir="OUT"/>
		<Port Id="com8" Dir="OUT"/>
		<Port Id="a" Dir="OUT"/>
		<Port Id="b" Dir="OUT"/>
		<Port Id="c" Dir="OUT"/>
		<Port Id="d" Dir="OUT"/>
		<Port Id="e" Dir="OUT"/>
		<Port Id="f" Dir="OUT"/>
		<Port Id="g" Dir="OUT"/>
		<Port Id="dp" Dir="OUT"/>
	</Ifc>
</Interface>

