{
	"system" : {
		"platform" : "windows64",
		"os_name" : "Windows 10",
		"os_version" : "10.0"
	},
	"error" : {
		"executable" : "quartus",
		"comment" : "not_applicable",
		"error_message" : "!wnd_list.empty()",
		"source_file" : "/quartus/edt/gedq/gedq_tcl.cpp",
		"line" : "146",
		"stack_trace" : "\t0x7ffd55f35395: sys_mdb + 0x5395 (?get_patches_label@MDB_ABOUT_DLG@@QEAA?AVQString@@V2@@Z + 0xc5)\n\t 0x54a74410: tcl86 + 0x14410 (TclInvokeStringCommand + 0xf0)\n\t 0x54a761e2: tcl86 + 0x161e2 (TclNRRunCallbacks + 0x62)\n\t 0x54a77a65: tcl86 + 0x17a65 (TclEvalEx + 0xa65)\n\t 0x54a78257: tcl86 + 0x18257 (Tcl_Eval + 0x37)\n\t0x7ffded4407c7: ccl_atcl + 0x107c7 (?atcl_tcl_eval@@YAHPEAUTcl_Interp@@AEBV?$basic_string@DU?$char_traits@D@std@@V?$allocator@D@2@@std@@@Z + 0x117)\n\t0x7ffdb05d3bc2: SYS_QUI + 0x93bc2 (qui_locate + 0x812)\n\t 0x54a74410: tcl86 + 0x14410 (TclInvokeStringCommand + 0xf0)\n\t 0x54a761e2: tcl86 + 0x161e2 (TclNRRunCallbacks + 0x62)\n\t 0x54a77a65: tcl86 + 0x17a65 (TclEvalEx + 0xa65)\n\t 0x54a78257: tcl86 + 0x18257 (Tcl_Eval + 0x37)\n\t0x7ffded4407c7: ccl_atcl + 0x107c7 (?atcl_tcl_eval@@YAHPEAUTcl_Interp@@AEBV?$basic_string@DU?$char_traits@D@std@@V?$allocator@D@2@@std@@@Z + 0x117)\n\t0x7ffdb05b9a95: SYS_QUI + 0x79a95 (?qui_locate_to_design_file@@YA_NPEAVMSG_LOCATION_SCHEMA@@_N@Z + 0xe75)\n\t0x7ffd57cf7bcc: prj_pjnq + 0x17bcc (?do_locate_in_design_file@PJNQ_HIERARCHY_TREE_VIEW@@QEAAXXZ + 0x51c)\n\t0x7ffd57cf0a8e: prj_pjnq + 0x10a8e (?double_click_entity@PJNQ_HIERARCHY_TREE_VIEW@@QEAAXAEBVQModelIndex@@@Z + 0xbe)\n\t 0x53e5d1f0: QtCore4 + 0x11d1f0 (?activate@QMetaObject@@SAXPEAVQObject@@PEBU1@HPEAPEAX@Z + 0x520)\n\t 0x525fe599: QtGui4 + 0x46e599 (?doubleClicked@QAbstractItemView@@IEAAXAEBVQModelIndex@@@Z + 0x29)\n\t 0x52638eab: QtGui4 + 0x4a8eab (?mouseDoubleClickEvent@QTreeView@@MEAAXPEAVQMouseEvent@@@Z + 0x15b)\n\t 0x521f1dd8: QtGui4 + 0x61dd8 (?event@QWidget@@MEAA_NPEAVQEvent@@@Z + 0xe8)\n\t 0x525154e6: QtGui4 + 0x3854e6 (?event@QFrame@@MEAA_NPEAVQEvent@@@Z + 0x36)\n\t 0x526087ec: QtGui4 + 0x4787ec (?viewportEvent@QAbstractItemView@@MEAA_NPEAVQEvent@@@Z + 0x4ac)\n\t0x7ffd83674d76: GCL_AFCQ + 0xb4d76 (?viewportEvent@AFCQ_TREE_VIEW@@MEAA_NPEAVQEvent@@@Z + 0x2b6)\n\t 0x53e50552: QtCore4 + 0x110552 (?sendThroughObjectEventFilters@QCoreApplicationPrivate@@QEAA_NPEAVQObject@@PEAVQEvent@@@Z + 0x82)\n\t 0x521b2f81: QtGui4 + 0x22f81 (?notify_helper@QApplicationPrivate@@QEAA_NPEAVQObject@@PEAVQEvent@@@Z + 0xe1)\n\t 0x521b1b8e: QtGui4 + 0x21b8e (?notify@QApplication@@UEAA_NPEAVQObject@@PEAVQEvent@@@Z + 0x71e)\n\t 0x53e4e67b: QtCore4 + 0x10e67b (?notifyInternal@QCoreApplication@@AEAA_NPEAVQObject@@PEAVQEvent@@@Z + 0x7b)\n\t 0x521b5dee: QtGui4 + 0x25dee (?sendMouseEvent@QApplicationPrivate@@SA_NPEAVQWidget@@PEAVQMouseEvent@@00PEAPEAV2@AEAV?$QPointer@VQWidget@@@@_N@Z + 0x1de)\n\t 0x522169b0: QtGui4 + 0x869b0 (?trUtf8@QScrollBar@@SA?AVQString@@PEBD0H@Z + 0x1440)\n\t 0x5221a361: QtGui4 + 0x8a361 (?winMouseButtonUp@QApplication@@SAXXZ + 0x2761)\n\t0x7ffe05dee7e7: USER32 + 0xe7e7 (CallWindowProcW + 0x3f7)\n\t0x7ffe05dee228: USER32 + 0xe228 (DispatchMessageW + 0x258)\n\t 0x53e73982: QtCore4 + 0x133982 (?processEvents@QEventDispatcherWin32@@UEAA_NV?$QFlags@W4ProcessEventsFlag@QEventLoop@@@@@Z + 0x3e2)\n\t 0x52212074: QtGui4 + 0x82074 (?openPopup@QApplicationPrivate@@QEAAXPEAVQWidget@@@Z + 0x204)\n\t 0x53e4b5db: QtCore4 + 0x10b5db (?exec@QEventLoop@@QEAAHV?$QFlags@W4ProcessEventsFlag@QEventLoop@@@@@Z + 0x22b)\n\t 0x53e4dbbf: QtCore4 + 0x10dbbf (?exec@QCoreApplication@@SAHXZ + 0xdf)\n\t0x7ff73a2c198b: quartus + 0x198b (?qgq_main@@YAHHPEAPEBD@Z + 0x8b)\n\t0x7ffdeddb3258: CCL_MSG + 0x13258 (?msg_main_thread@@YAPEAXPEAX@Z + 0x18)\n\t0x7ffdeddb4a5e: CCL_MSG + 0x14a5e (?msg_thread_wrapper@@YAPEAXP6APEAXPEAX@Z0@Z + 0x6e)\n\t0x7ffdedf36af0: ccl_mem + 0x16af0 (?mem_thread_wrapper@@YAPEAXP6APEAXPEAX@Z0@Z + 0x70)\n\t0x7ffdeddb2af1: CCL_MSG + 0x12af1 (?msg_exe_main@@YAHHPEAPEBDP6AHH0@Z@Z + 0xa1)\n\t0x7ff73a2c2777: quartus + 0x2777 (WinMain + 0x127)\n\t0x7ff73a2c1f40: quartus + 0x1f40 (__tmainCRTStartup + 0x148)\n\t0x7ffe05297033: KERNEL32 + 0x17033 (BaseThreadInitThunk + 0x13)\n\t0x7ffe06022650: ntdll + 0x52650 (RtlUserThreadStart + 0x20)\n",
		"subsystem" : "GEDQ"
	},
	"quartus" : {
		"quartus_bits" : "64",
		"version" : "20.1.1",
		"build" : "720",
		"edition" : "Lite Edition"
	}
}